bin,bin_hi,bin_lo,direction_match_rate,mean_abs_delta_rho,mean_aligned_effect,mean_patch_fraction,mean_recovery_vs_full,median_recovery_vs_full,n
1,1.3862943611198906,0.26570316573300556,0.5625,0.9062346290605485,0.09006437866768315,0.24987335541473352,0.6631592849657936,0.5138561408989664,48
2,2.0794415416798357,1.3862943611198906,0.7142857142857143,1.699446070553821,0.17173179003105213,0.4314338244444583,0.529737707461433,0.5196587015972804,56
3,3.828641396489095,2.0794415416798357,0.82,2.93975997184523,0.18541563739654726,0.611094771205779,0.766002184122766,0.7502758177023034,50
4,5.85793315448346,3.828641396489095,0.8387096774193549,4.956341621648878,0.1720874105844946,0.3418462297780659,0.6498738870904471,0.6517870530431176,62
