layer,max_abs_pc1_to_pc5_rho_r,pc1_rho_r,pc2_rho_r,pc3_rho_r,pca5_aligned_fictional_to_iso,pca5_aligned_iso_to_fictional,pca5_aligned_mean_available,pca5_recovery_fictional_to_iso,pca5_recovery_iso_to_fictional,pca5_recovery_mean_available,rank5_explained_variance
8,0.7740632618533461,-0.1347484332879282,-0.5543278055559548,-0.7740632618533461,nan,nan,nan,nan,nan,nan,0.9939038614621017
12,0.8683253963923889,-0.24056090921566922,-0.05736363240075846,-0.8683253963923889,nan,nan,nan,nan,nan,nan,0.9462447377377887
16,0.8243444328747257,-0.09321360350036788,-0.0936325781950747,-0.8243444328747257,0.04692973258856179,0.04596884008265113,0.046449286335606466,1.2736769734479012,0.23818212335652203,0.7559295484022116,0.946224859287449
20,0.8416759512688787,-0.04867543349254475,0.8416759512688787,0.15597708758712123,0.16221028657941416,0.15540352094823934,0.15880690376382675,0.8601095335012158,0.5913188762405203,0.725714204870868,0.9319899637000755
24,0.869041697344844,-0.03488306423256676,-0.08219756318892182,0.869041697344844,0.05492528346629435,0.015515063067435421,0.035220173266864885,-0.8085991517897853,0.1859997285083263,-0.31129971164072945,0.8313355734406105
28,0.8797105074271547,-0.03369666403516348,-0.14657353373640347,0.8797105074271547,nan,nan,nan,nan,nan,nan,0.8951786679032052
32,0.8476885959014467,-0.041741291971802874,-0.059825541854144966,0.13622333489231772,nan,nan,nan,nan,nan,nan,0.8098282191403445
33,0.7137130077345356,0.04622785290741981,-0.14962538969881078,-0.7137130077345356,nan,nan,nan,nan,nan,nan,0.8791941191294353
