{
  "basis_summary": {
    "L20": {
      "size": {
        "activation_shape": [
          62,
          2560
        ],
        "basis_train_kind": "state_prompts",
        "n_train_items": 62,
        "n_train_pairs": 51,
        "n_train_prompts": 62
      },
      "sources": {
        "age": {
          "activation_shape": [
            72,
            2560
          ],
          "alignment_with_size": {
            "max_principal_angle_deg": 88.09141630854161,
            "mean_principal_angle_deg": 73.77778610438915,
            "mean_squared_cosine": 0.14068188400685114,
            "principal_angles_deg": [
              38.60148147710702,
              76.1909864032051,
              80.12312115697276,
              85.88192517611924,
              88.09141630854161
            ],
            "singular_values": [
              0.7815043407191318,
              0.23868623050098264,
              0.17153155496250475,
              0.07181209861435793,
              0.033304909328648824
            ]
          },
          "basis_train_kind": "pair_deltas_unit",
          "max_raw_delta_norm": 2821.4248046875,
          "mean_raw_delta_norm": 1605.3343624538845,
          "min_raw_delta_norm": 1049.04443359375,
          "n_train_items": 72,
          "n_train_pairs": 72,
          "n_train_prompts": 0,
          "normalize_source_deltas": true
        },
        "temperature": {
          "activation_shape": [
            84,
            2560
          ],
          "alignment_with_size": {
            "max_principal_angle_deg": 89.45014663441141,
            "mean_principal_angle_deg": 72.0769573071874,
            "mean_squared_cosine": 0.15542897176367992,
            "principal_angles_deg": [
              37.64709892306368,
              74.36678867593906,
              75.14009504009341,
              83.78065726242941,
              89.45014663441141
            ],
            "singular_values": [
              0.7917878173115553,
              0.26947806965460674,
              0.25645646948575096,
              0.10833496940011797,
              0.009596604327005454
            ]
          },
          "basis_train_kind": "pair_deltas_unit",
          "max_raw_delta_norm": 3303.096435546875,
          "mean_raw_delta_norm": 1893.3194144112724,
          "min_raw_delta_norm": 1155.814208984375,
          "n_train_items": 84,
          "n_train_pairs": 84,
          "n_train_prompts": 0,
          "normalize_source_deltas": true
        }
      }
    }
  },
  "groups": {
    "L20_age_source_basis_pca_rank5_alpha1": {
      "aligned_effect": {
        "hi": 0.004936334096035506,
        "lo": -0.005326951784842642,
        "mean": -0.00030686523918813704,
        "n": 46,
        "n_clusters": 23
      },
      "alpha": 1.0,
      "basis_domain": "age",
      "basis_train_kind": "pair_deltas_unit",
      "basis_train_n_items": 72,
      "basis_train_n_pairs": 72,
      "basis_train_n_prompts": 0,
      "direction_match_rate": 0.5217391304347826,
      "layer": 20,
      "max_principal_angle_deg": 88.09141630854165,
      "mean_abs_match_error": 0.09131565889638414,
      "method": "source_basis_pca",
      "n": 46,
      "n_size_pairs": 23,
      "n_unique_source_pairs": 23,
      "passes_min_n": true,
      "projected_norm_fraction": {
        "hi": 0.3619577699811671,
        "lo": 0.2595023223701027,
        "mean": 0.30698804702084803,
        "n": 46,
        "n_clusters": 23
      },
      "projected_norm_fraction_median": 0.2568664753288772,
      "rank": 5,
      "recovery_vs_size_full": {
        "hi": 0.14176017490532256,
        "lo": -0.12900685511426463,
        "mean": 0.012607518995380769,
        "n": 46,
        "n_clusters": 23
      },
      "recovery_vs_size_full_median": 0.009762768385048625,
      "subspace_overlap_with_size": 0.14068188400685128
    },
    "L20_age_source_basis_random_norm_matched_rank5_alpha1": {
      "aligned_effect": {
        "hi": 0.005097714520704846,
        "lo": 0.0006488071285667921,
        "mean": 0.0027541071224313624,
        "n": 920,
        "n_clusters": 23
      },
      "alpha": 1.0,
      "basis_domain": "age",
      "basis_train_kind": "pair_deltas_unit",
      "basis_train_n_items": 72,
      "basis_train_n_pairs": 72,
      "basis_train_n_prompts": 0,
      "direction_match_rate": 0.566304347826087,
      "layer": 20,
      "max_principal_angle_deg": null,
      "mean_abs_match_error": 0.09131565889638407,
      "method": "source_basis_random_norm_matched",
      "n": 920,
      "n_size_pairs": 23,
      "n_unique_source_pairs": 23,
      "passes_min_n": true,
      "projected_norm_fraction": {
        "hi": 0.3619577699811664,
        "lo": 0.25950232237010357,
        "mean": 0.3069880470208486,
        "n": 920,
        "n_clusters": 23
      },
      "projected_norm_fraction_median": 0.2568664753288772,
      "rank": 5,
      "recovery_vs_size_full": {
        "hi": 0.07748235741842849,
        "lo": -0.06009927696485205,
        "mean": 0.016267950761551988,
        "n": 920,
        "n_clusters": 23
      },
      "recovery_vs_size_full_median": 0.016849680064737752,
      "subspace_overlap_with_size": null
    },
    "L20_size_in_domain_full_size_rank2560_alpha1": {
      "aligned_effect": {
        "hi": 0.22895666196680123,
        "lo": 0.12337360664480022,
        "mean": 0.1777941331425732,
        "n": 46,
        "n_clusters": 23
      },
      "alpha": 1.0,
      "basis_domain": "size_in_domain",
      "basis_train_kind": "state_prompts",
      "basis_train_n_items": 62,
      "basis_train_n_pairs": 51,
      "basis_train_n_prompts": 62,
      "direction_match_rate": 0.8478260869565217,
      "layer": 20,
      "max_principal_angle_deg": 0.0,
      "mean_abs_match_error": 0.04124608270317232,
      "method": "full_size",
      "n": 46,
      "n_size_pairs": 23,
      "n_unique_source_pairs": 0,
      "passes_min_n": true,
      "projected_norm_fraction": {
        "hi": 1.0,
        "lo": 1.0,
        "mean": 1.0,
        "n": 46,
        "n_clusters": 23
      },
      "projected_norm_fraction_median": 1.0,
      "rank": 2560,
      "recovery_vs_size_full": {
        "hi": 1.0,
        "lo": 1.0,
        "mean": 1.0,
        "n": 46,
        "n_clusters": 23
      },
      "recovery_vs_size_full_median": 1.0,
      "subspace_overlap_with_size": 1.0
    },
    "L20_size_in_domain_sham_rank0_alpha1": {
      "aligned_effect": {
        "hi": 0.0,
        "lo": 0.0,
        "mean": 0.0,
        "n": 46,
        "n_clusters": 23
      },
      "alpha": 1.0,
      "basis_domain": "size_in_domain",
      "basis_train_kind": "state_prompts",
      "basis_train_n_items": 62,
      "basis_train_n_pairs": 51,
      "basis_train_n_prompts": 62,
      "direction_match_rate": 0.0,
      "layer": 20,
      "max_principal_angle_deg": 0.0,
      "mean_abs_match_error": 0.04124608270317232,
      "method": "sham",
      "n": 46,
      "n_size_pairs": 23,
      "n_unique_source_pairs": 0,
      "passes_min_n": true,
      "projected_norm_fraction": {
        "hi": 0.0,
        "lo": 0.0,
        "mean": 0.0,
        "n": 46,
        "n_clusters": 23
      },
      "projected_norm_fraction_median": 0.0,
      "rank": 0,
      "recovery_vs_size_full": {
        "hi": 0.0,
        "lo": 0.0,
        "mean": 0.0,
        "n": 46,
        "n_clusters": 23
      },
      "recovery_vs_size_full_median": 0.0,
      "subspace_overlap_with_size": 1.0
    },
    "L20_size_in_domain_size_basis_pca_rank5_alpha1": {
      "aligned_effect": {
        "hi": 0.21473078137760296,
        "lo": 0.10487942013531709,
        "mean": 0.1622102865794141,
        "n": 46,
        "n_clusters": 23
      },
      "alpha": 1.0,
      "basis_domain": "size_in_domain",
      "basis_train_kind": "state_prompts",
      "basis_train_n_items": 62,
      "basis_train_n_pairs": 51,
      "basis_train_n_prompts": 62,
      "direction_match_rate": 0.8478260869565217,
      "layer": 20,