{
  "groups": {
    "L20_age_source_pca_rank5_alpha1": {
      "aligned_effect": {
        "hi": 0.09679001824132563,
        "lo": 0.04171111337415619,
        "mean": 0.06994488201754194,
        "n": 46,
        "n_clusters": 23
      },
      "alpha": 1.0,
      "direction_match_rate": 0.8478260869565217,
      "layer": 20,
      "max_abs_match_error": 0.20894600702526478,
      "mean_abs_match_error": 0.09131565889638414,
      "method": "source_pca",
      "n": 46,
      "n_size_pairs": 23,
      "n_unique_source_pairs": 23,
      "passes_min_n": true,
      "projected_norm_fraction": {
        "hi": 0.546485005013987,
        "lo": 0.3966364423721873,
        "mean": 0.4757384280231255,
        "n": 46,
        "n_clusters": 23
      },
      "projected_norm_fraction_median": 0.5117694867824754,
      "rank": 5,
      "recovery_vs_size_full": {
        "hi": 1.0999166586325166,
        "lo": 0.07144611552699189,
        "mean": 0.5535949800961264,
        "n": 46,
        "n_clusters": 23
      },
      "recovery_vs_size_full_median": 0.26230490543426066,
      "source_domain": "age"
    },
    "L20_age_source_random_norm_matched_rank5_alpha1": {
      "aligned_effect": {
        "hi": 0.01123281019240585,
        "lo": -0.0029244484720908474,
        "mean": 0.00410884369551026,
        "n": 920,
        "n_clusters": 23
      },
      "alpha": 1.0,
      "direction_match_rate": 0.5043478260869565,
      "layer": 20,
      "max_abs_match_error": 0.20894600702526478,
      "mean_abs_match_error": 0.09131565889638407,
      "method": "source_random_norm_matched",
      "n": 920,
      "n_size_pairs": 23,
      "n_unique_source_pairs": 23,
      "passes_min_n": true,
      "projected_norm_fraction": {
        "hi": 0.5464850050139894,
        "lo": 0.39663644237218443,
        "mean": 0.47573842802312355,
        "n": 920,
        "n_clusters": 23
      },
      "projected_norm_fraction_median": 0.5117694867824754,
      "rank": 5,
      "recovery_vs_size_full": {
        "hi": 0.05869003331223984,
        "lo": -0.4252807129880703,
        "mean": -0.15045894559729708,
        "n": 920,
        "n_clusters": 23
      },
      "recovery_vs_size_full_median": 0.001094076220384724,
      "source_domain": "age"
    },
    "L20_size_in_domain_full_size_rank2560_alpha1": {
      "aligned_effect": {
        "hi": 0.22895666196680123,
        "lo": 0.12337360664480022,
        "mean": 0.1777941331425732,
        "n": 46,
        "n_clusters": 23
      },
      "alpha": 1.0,
      "direction_match_rate": 0.8478260869565217,
      "layer": 20,
      "max_abs_match_error": 0.0,
      "mean_abs_match_error": 0.0,
      "method": "full_size",
      "n": 46,
      "n_size_pairs": 23,
      "n_unique_source_pairs": 0,
      "passes_min_n": true,
      "projected_norm_fraction": {
        "hi": 1.0,
        "lo": 1.0,
        "mean": 1.0,
        "n": 46,
        "n_clusters": 23
      },
      "projected_norm_fraction_median": 1.0,
      "rank": 2560,
      "recovery_vs_size_full": {
        "hi": 1.0,
        "lo": 1.0,
        "mean": 1.0,
        "n": 46,
        "n_clusters": 23
      },
      "recovery_vs_size_full_median": 1.0,
      "source_domain": "size_in_domain"
    },
    "L20_size_in_domain_sham_rank0_alpha1": {
      "aligned_effect": {
        "hi": 0.0,
        "lo": 0.0,
        "mean": 0.0,
        "n": 46,
        "n_clusters": 23
      },
      "alpha": 1.0,
      "direction_match_rate": 0.0,
      "layer": 20,
      "max_abs_match_error": 0.0,
      "mean_abs_match_error": 0.0,
      "method": "sham",
      "n": 46,
      "n_size_pairs": 23,
      "n_unique_source_pairs": 0,
      "passes_min_n": true,
      "projected_norm_fraction": {
        "hi": 0.0,
        "lo": 0.0,
        "mean": 0.0,
        "n": 46,
        "n_clusters": 23
      },
      "projected_norm_fraction_median": 0.0,
      "rank": 0,
      "recovery_vs_size_full": {
        "hi": 0.0,
        "lo": 0.0,
        "mean": 0.0,
        "n": 46,
        "n_clusters": 23
      },
      "recovery_vs_size_full_median": 0.0,
      "source_domain": "size_in_domain"
    },
    "L20_size_in_domain_size_pca_rank5_alpha1": {
      "aligned_effect": {
        "hi": 0.21473078137760296,
        "lo": 0.10487942013531709,
        "mean": 0.1622102865794141,
        "n": 46,
        "n_clusters": 23
      },
      "alpha": 1.0,
      "direction_match_rate": 0.8478260869565217,
      "layer": 20,
      "max_abs_match_error": 0.0,
      "mean_abs_match_error": 0.0,
      "method": "size_pca",
      "n": 46,
      "n_size_pairs": 23,
      "n_unique_source_pairs": 0,
      "passes_min_n": true,
      "projected_norm_fraction": {
        "hi": 0.546672618611459,
        "lo": 0.43244313456361655,
        "mean": 0.491115586327543,
        "n": 46,
        "n_clusters": 23
      },
      "projected_norm_fraction_median": 0.5494830904245374,
      "rank": 5,
      "recovery_vs_size_full": {
        "hi": 1.1506678765330756,
        "lo": 0.5958841283524552,
        "mean": 0.860109533501216,
        "n": 46,
        "n_clusters": 23
      },
      "recovery_vs_size_full_median": 0.9422465495327348,
      "source_domain": "size_in_domain"
    },
    "L20_temperature_source_pca_rank5_alpha1": {
      "aligned_effect": {
        "hi": 0.11783547092698395,
        "lo": 0.043460532891221544,
        "mean": 0.08084149538964593,
        "n": 46,
        "n_clusters": 23
      },
      "alpha": 1.0,
      "direction_match_rate": 0.8260869565217391,
      "layer": 20,
      "max_abs_match_error": 0.09772931959856024,
      "mean_abs_match_error": 0.04124608270317232,
      "method": "source_pca",
      "n": 46,
      "n_size_pairs": 23,
      "n_unique_source_pairs": 23,
      "passes_min_n": true,
      "projected_norm_fraction": {
        "hi": 0.43052141512784975,
        "lo": 0.3286665302880928,
        "mean": 0.3822290742832898,
        "n": 46,
        "n_clusters": 23
      },
      "projected_norm_fraction_median": 0.3742101100721683,
      "rank": 5,
      "recovery_vs_size_full": {
        "hi": 1.58524845158685,
        "lo": -0.6367653685115849,
        "mean": 0.6037777957181145,
        "n": 46,
        "n_clusters": 23
      },
      "recovery_vs_size_full_median": 0.4829439031809091,
      "source_domain": "temperature"
    },
    "L20_temperature_source_random_norm_matched_rank5_alpha1": {
      "aligned_effect": {
        "hi": -0.0024461000552861894,
        "lo": -0.007807875705295266,
        "mean": -0.005023778018987687,
        "n": 920,
        "n_clusters": 23
      },
      "alpha": 1.0,
      "direction_match_rate": 0.4826086956521739,
      "layer": 20,
      "max_abs_match_error": 0.09772931959856024,
      "mean_abs_match_error": 0.04124608270317277,
      "method": "source_random_norm_matched",
      "n": 920,
      "n_size_pairs": 23,
      "n_unique_source_pairs": 23,
      "passes_min_n": true,
      "projected_norm_fraction": {
        "hi": 0.4305214151278529,
        "lo": 0.3286665302880935,
        "mean": 0.3822290742832889,
        "n": 920,
        "n_clusters": 23
      },
      "projected_norm_fraction_median": 0.3742101100721683,
      "rank": 5,
      "recovery_vs_size_full": {
        "hi": 0.005799918285773441,
        "lo": -0.06786708883426894,
        "mean": -0.0320758617892865,
        "n": 920,
        "n_clusters": 23
      },
      "recovery_vs_size_full_median": -0.0003403658535864438,
      "source_domain": "temperature"
    }
  },
  "n_rows": 2070,
  "run": {
    "activations_npz": "results/manifold_groups_poc/gradable_size_geometry_broad_final_token_gemma3.npz",
    "alphas": "1.0",
    "controls_csv": "results/manifold_groups_poc/gradable_cross_domain_matched_delta_rho_controls.csv",
    "device": "mps",
    "ended_at_utc": "2026-05-27T13:17:07.761449+00:00",
    "git_commit": "f4161a7d14476552ec9a074a5471ff1f1ec82cda",
    "layers": "20",